outcome,source_ref,format,entity_type,entity_id,confidence,message
rejected,/var/log/system.log:1,syslog,,,0.55,[no entity match] ASL Sender Statistics
rejected,/var/log/system.log:2,syslog,,,0.55,[no entity match] ASL Sender Statistics
rejected,/var/log/system.log:3,syslog,,,0.55,[no entity match] ASL Sender Statistics
rejected,/var/log/system.log:4,syslog,,,0.55,[no entity match] Configuration Notice:
rejected,/var/log/system.log:5,syslog,,,0.4,"[no entity match] 	ASL Module ""com.apple.cdscheduler"" claims selected messages."
rejected,/var/log/system.log:6,syslog,,,0.4,[no entity match] 	Those messages may not appear in standard system log files or in the ASL databa
rejected,/var/log/system.log:7,syslog,,,0.55,[no entity match] Configuration Notice:
rejected,/var/log/system.log:8,syslog,,,0.4,"[no entity match] 	ASL Module ""com.apple.install"" claims selected messages."
rejected,/var/log/system.log:9,syslog,,,0.4,[no entity match] 	Those messages may not appear in standard system log files or in the ASL databa
rejected,/var/log/system.log:10,syslog,,,0.55,[no entity match] Configuration Notice:
rejected,/var/log/system.log:11,syslog,,,0.4,"[no entity match] 	ASL Module ""com.apple.authd"" sharing output destination ""/var/log/asl"" with ASL"
rejected,/var/log/system.log:12,syslog,,,0.4,"[no entity match] 	Output parameters from ASL Module ""com.apple.asl"" override any specified in ASL"
rejected,/var/log/system.log:13,syslog,,,0.55,[no entity match] Configuration Notice:
rejected,/var/log/system.log:14,syslog,,,0.4,"[no entity match] 	ASL Module ""com.apple.authd"" sharing output destination ""/var/log/system.log"" w"
rejected,/var/log/system.log:15,syslog,,,0.4,"[no entity match] 	Output parameters from ASL Module ""com.apple.asl"" override any specified in ASL"
rejected,/var/log/system.log:16,syslog,,,0.55,[no entity match] Configuration Notice:
rejected,/var/log/system.log:17,syslog,,,0.4,"[no entity match] 	ASL Module ""com.apple.authd"" claims selected messages."
rejected,/var/log/system.log:18,syslog,,,0.4,[no entity match] 	Those messages may not appear in standard system log files or in the ASL databa
rejected,/var/log/system.log:19,syslog,,,0.55,[no entity match] Configuration Notice:
rejected,/var/log/system.log:20,syslog,,,0.4,"[no entity match] 	ASL Module ""com.apple.eventmonitor"" claims selected messages."
rejected,/var/log/system.log:21,syslog,,,0.4,[no entity match] 	Those messages may not appear in standard system log files or in the ASL databa
rejected,/var/log/system.log:22,syslog,,,0.55,[no entity match] Configuration Notice:
rejected,/var/log/system.log:23,syslog,,,0.4,"[no entity match] 	ASL Module ""com.apple.mail"" claims selected messages."
rejected,/var/log/system.log:24,syslog,,,0.4,[no entity match] 	Those messages may not appear in standard system log files or in the ASL databa
rejected,/var/log/system.log:25,syslog,,,0.55,[no entity match] Configuration Notice:
rejected,/var/log/system.log:26,syslog,,,0.4,"[no entity match] 	ASL Module ""com.apple.performance"" claims selected messages."
rejected,/var/log/system.log:27,syslog,,,0.4,[no entity match] 	Those messages may not appear in standard system log files or in the ASL databa
rejected,/var/log/system.log:28,syslog,,,0.55,[no entity match] Configuration Notice:
rejected,/var/log/system.log:29,syslog,,,0.4,"[no entity match] 	ASL Module ""com.apple.iokit.power"" claims selected messages."
rejected,/var/log/system.log:30,syslog,,,0.4,[no entity match] 	Those messages may not appear in standard system log files or in the ASL databa
rejected,/var/log/system.log:31,syslog,,,0.55,[no entity match] Configuration Notice:
rejected,/var/log/system.log:32,syslog,,,0.4,"[no entity match] 	ASL Module ""com.apple.contacts.ContactsAutocomplete"" claims selected messages."
rejected,/var/log/system.log:33,syslog,,,0.4,[no entity match] 	Those messages may not appear in standard system log files or in the ASL databa
rejected,/var/log/system.log:34,syslog,,,0.55,[no entity match] Configuration Notice:
rejected,/var/log/system.log:35,syslog,,,0.4,"[no entity match] 	ASL Module ""com.apple.mkb"" sharing output destination ""/private/var/log/keybagd"
rejected,/var/log/system.log:36,syslog,,,0.4,"[no entity match] 	Output parameters from ASL Module ""com.apple.mkb.internal"" override any specifi"
rejected,/var/log/system.log:37,syslog,,,0.55,[no entity match] Configuration Notice:
rejected,/var/log/system.log:38,syslog,,,0.4,"[no entity match] 	ASL Module ""com.apple.mkb"" claims selected messages."
rejected,/var/log/system.log:39,syslog,,,0.4,[no entity match] 	Those messages may not appear in standard system log files or in the ASL databa
rejected,/var/log/system.log:40,syslog,,,0.55,[no entity match] Configuration Notice:
rejected,/var/log/system.log:41,syslog,,,0.4,"[no entity match] 	ASL Module ""com.apple.MessageTracer"" claims selected messages."
rejected,/var/log/system.log:42,syslog,,,0.4,[no entity match] 	Those messages may not appear in standard system log files or in the ASL databa
rejected,/var/log/system.log:43,syslog,,,0.55,[no entity match] ASL Sender Statistics
rejected,/var/log/system.log:44,syslog,,,0.55,[no entity match] ASL Sender Statistics
rejected,/var/log/system.log:45,syslog,,,0.55,[no entity match] ASL Sender Statistics
rejected,/var/log/system.log:46,syslog,,,0.55,[no entity match] ASL Sender Statistics
rejected,/var/log/system.log:47,syslog,,,0.55,[no entity match] ASL Sender Statistics
rejected,/var/log/system.log:48,syslog,,,0.55,[no entity match] ASL Sender Statistics
rejected,/var/log/system.log:49,syslog,,,0.55,[no entity match] ASL Sender Statistics
rejected,/var/log/system.log:50,syslog,,,0.55,[no entity match] ASL Sender Statistics
rejected,/var/log/system.log:51,syslog,,,0.55,[no entity match] ASL Sender Statistics
rejected,/var/log/system.log:52,syslog,,,0.55,[no entity match] ASL Sender Statistics
rejected,/var/log/system.log:53,syslog,,,0.55,[no entity match] ASL Sender Statistics
rejected,/var/log/system.log:54,syslog,,,0.55,[no entity match] ASL Sender Statistics
rejected,/var/log/system.log:55,syslog,,,0.55,[no entity match] ASL Sender Statistics
rejected,/var/log/system.log:56,syslog,,,0.55,[no entity match] ASL Sender Statistics
rejected,/var/log/system.log:57,syslog,,,0.55,[no entity match] ASL Sender Statistics
rejected,/var/log/system.log:58,syslog,,,0.55,[no entity match] ASL Sender Statistics
rejected,/var/log/system.log:59,syslog,,,0.55,[no entity match] ASL Sender Statistics
rejected,/var/log/system.log:60,syslog,,,0.55,[no entity match] ASL Sender Statistics
rejected,/var/log/system.log:61,syslog,,,0.55,[no entity match] ASL Sender Statistics
rejected,/var/log/system.log:62,syslog,,,0.55,[no entity match] ASL Sender Statistics
rejected,/var/log/system.log:63,syslog,,,0.55,[no entity match] ASL Sender Statistics
rejected,/var/log/system.log:64,syslog,,,0.55,[no entity match] ASL Sender Statistics
rejected,/var/log/system.log:65,syslog,,,0.55,[no entity match] ASL Sender Statistics
rejected,/var/log/system.log:66,syslog,,,0.55,[no entity match] ASL Sender Statistics
rejected,/var/log/system.log:67,syslog,,,0.55,[no entity match] ASL Sender Statistics
rejected,/var/log/system.log:68,syslog,,,0.55,[no entity match] ASL Sender Statistics
rejected,/var/log/system.log:69,syslog,,,0.55,[no entity match] ASL Sender Statistics
rejected,/var/log/system.log:70,syslog,,,0.55,[no entity match] ASL Sender Statistics
rejected,/var/log/system.log:71,syslog,,,0.55,[no entity match] ASL Sender Statistics
rejected,/var/log/system.log:72,syslog,,,0.55,[no entity match] ASL Sender Statistics
rejected,/var/log/system.log:73,syslog,,,0.55,[no entity match] ASL Sender Statistics
rejected,/var/log/system.log:74,syslog,,,0.55,[no entity match] ASL Sender Statistics
rejected,/var/log/system.log:75,syslog,,,0.55,[no entity match] ASL Sender Statistics
rejected,/var/log/system.log:76,syslog,,,0.55,[no entity match] ASL Sender Statistics
rejected,/var/log/system.log:77,syslog,,,0.55,[no entity match] ASL Sender Statistics
rejected,/var/log/system.log:78,syslog,,,0.55,[no entity match] ASL Sender Statistics
rejected,/var/log/system.log:79,syslog,,,0.55,[no entity match] ASL Sender Statistics
rejected,/var/log/system.log:80,syslog,,,0.55,[no entity match] ASL Sender Statistics
rejected,/var/log/system.log:81,syslog,,,0.55,[no entity match] ASL Sender Statistics
rejected,/var/log/system.log:82,syslog,,,0.55,[no entity match] ASL Sender Statistics
rejected,/var/log/system.log:83,syslog,,,0.55,[no entity match] ASL Sender Statistics
rejected,/var/log/system.log:84,syslog,,,0.55,[no entity match] ASL Sender Statistics
rejected,/var/log/system.log:85,syslog,,,0.55,[no entity match] ASL Sender Statistics
rejected,/var/log/system.log:86,syslog,,,0.55,[no entity match] ASL Sender Statistics
rejected,/var/log/system.log:87,syslog,,,0.55,[no entity match] ASL Sender Statistics
rejected,/var/log/system.log:88,syslog,,,0.55,[no entity match] ASL Sender Statistics
rejected,/var/log/system.log:89,syslog,,,0.55,[no entity match] ASL Sender Statistics
rejected,/var/log/system.log:90,syslog,,,0.55,[no entity match] ASL Sender Statistics
rejected,/var/log/system.log:91,syslog,,,0.55,[no entity match] ASL Sender Statistics
rejected,/var/log/system.log:92,syslog,,,0.55,[no entity match] ASL Sender Statistics
rejected,/var/log/system.log:93,syslog,,,0.55,[no entity match] ASL Sender Statistics
rejected,/var/log/system.log:94,syslog,,,0.55,[no entity match] ASL Sender Statistics
rejected,/var/log/system.log:95,syslog,,,0.55,[no entity match] ASL Sender Statistics
rejected,/var/log/system.log:96,syslog,,,0.55,[no entity match] ASL Sender Statistics
rejected,/var/log/system.log:97,syslog,,,0.55,[no entity match] ASL Sender Statistics
rejected,/var/log/system.log:98,syslog,,,0.55,[no entity match] ASL Sender Statistics
rejected,/var/log/system.log:99,syslog,,,0.55,[no entity match] ASL Sender Statistics
rejected,/var/log/system.log:100,syslog,,,0.55,[no entity match] ASL Sender Statistics
rejected,/var/log/system.log:101,syslog,,,0.55,[no entity match] ASL Sender Statistics
rejected,/var/log/system.log:102,syslog,,,0.55,[no entity match] ASL Sender Statistics
rejected,/var/log/system.log:103,syslog,,,0.55,[no entity match] ASL Sender Statistics
rejected,/var/log/system.log:104,syslog,,,0.55,[no entity match] ASL Sender Statistics
rejected,/var/log/system.log:105,syslog,,,0.55,[no entity match] ASL Sender Statistics
rejected,/var/log/system.log:106,syslog,,,0.55,[no entity match] ASL Sender Statistics
rejected,/var/log/system.log:107,syslog,,,0.55,[no entity match] ASL Sender Statistics
rejected,/var/log/system.log:108,syslog,,,0.55,[no entity match] ASL Sender Statistics
rejected,/var/log/system.log:109,syslog,,,0.55,[no entity match] ASL Sender Statistics
rejected,/var/log/system.log:110,syslog,,,0.55,[no entity match] ASL Sender Statistics
rejected,/var/log/system.log:111,syslog,,,0.55,[no entity match] ASL Sender Statistics
rejected,/var/log/system.log:112,syslog,,,0.55,[no entity match] ASL Sender Statistics
rejected,/var/log/system.log:113,syslog,,,0.55,[no entity match] ASL Sender Statistics
rejected,/var/log/system.log:114,syslog,,,0.55,[no entity match] ASL Sender Statistics
rejected,/var/log/system.log:115,syslog,,,0.55,[no entity match] ASL Sender Statistics
rejected,/var/log/system.log:116,syslog,,,0.55,[no entity match] ASL Sender Statistics
