ontology_class,ontology_property,property_type,logical_element,physical_table,physical_column,xsd_type,required,sensitivity_tier,semantic_notes,cq_coverage
AgentRoles,(class),OWL Class,agent_roles,agent_roles,(table),,Y,Internal,,
AgentRoles,hasValidFrom,Data Property,agent_roles.valid_from,agent_roles,valid_from,xsd:string,N,Internal,,
AgentRoles,hasValidUntil,Data Property,agent_roles.valid_until,agent_roles,valid_until,xsd:string,N,Internal,,
AgentRoles,agent,Object Property,agent_roles.agent_id → agents,agent_roles,agent_id,→ Agent,Y,Internal,FK to agents; range class: Agent,
AgentRoles,role,Object Property,agent_roles.role_id → roles,agent_roles,role_id,→ Role,Y,Internal,FK to roles; range class: Role,
AgentRoles,scopeAsset,Object Property,agent_roles.scope_asset_id → assets,agent_roles,scope_asset_id,→ Asset,N,Internal,FK to assets; range class: Asset,
Agent,(class),OWL Class,agents,agents,(table),,Y,Internal,"A human, system, AI agent, or sensor that produces or acts on domain facts.","CQ-004, CQ-005"
Agent,hasAgentIri,Data Property,agents.agent_iri,agents,agent_iri,xsd:anyURI,N,Internal,Persistent IRI for use in PROV-O provenance graphs.,CQ-004
Agent,hasName,Data Property,agents.name,agents,name,xsd:string,Y,Internal,,
Agent,hasAgentType,Data Property,agents.agent_type,agents,agent_type,xsd:string,Y,Internal,,
Agent,hasCredentialExpiry,Data Property,agents.credential_expiry,agents,credential_expiry,xsd:dateTime,N,Confidential,Expiry timestamp for AI agent credentials.,CQ-006
Agent,hasAuthorizedTiers,Data Property,agents.authorized_tiers,agents,authorized_tiers,xsd:string,N,Internal,,
Agent,hasActive,Data Property,agents.active,agents,active,xsd:boolean,N,Internal,,
Agent,hasCreatedAt,Data Property,agents.created_at,agents,created_at,xsd:dateTime,N,Internal,,
Agent,org,Object Property,agents.org_id → organizations,agents,org_id,→ Organization,N,Internal,FK to organizations; range class: Organization,
AssetType,(class),OWL Class,asset_types,asset_types,(table),,Y,Public,A classification category for managed assets.,CQ-002
AssetType,hasCode,Data Property,asset_types.code,asset_types,code,xsd:string,Y,Internal,,
AssetType,hasLabel,Data Property,asset_types.label,asset_types,label,xsd:string,Y,Internal,,
AssetType,hasDescription,Data Property,asset_types.description,asset_types,description,xsd:string,N,Internal,,
AssetType,hasUnitOfMeasure,Data Property,asset_types.unit_of_measure,asset_types,unit_of_measure,xsd:string,N,Internal,,
AssetType,hasCreatedAt,Data Property,asset_types.created_at,asset_types,created_at,xsd:dateTime,N,Internal,,
AssetType,parent,Object Property,asset_types.parent_type_id → asset_types,asset_types,parent_type_id,→ AssetType,N,Internal,FK to asset_types; range class: AssetType,
Asset,(class),OWL Class,assets,assets,(table),,Y,Internal,A physical or logical resource managed by the organization.,"CQ-001, CQ-002, CQ-003, CQ-007"
Asset,hasName,Data Property,assets.name,assets,name,xsd:string,Y,Internal,,
Asset,hasLocationCode,Data Property,assets.location_code,assets,location_code,xsd:string,N,Internal,,
Asset,hasStatus,Data Property,assets.status,assets,status,xsd:string,N,Internal,Current operational lifecycle status of the asset.,CQ-002
Asset,hasCommissionedAt,Data Property,assets.commissioned_at,assets,commissioned_at,xsd:dateTime,N,Internal,,
Asset,hasDecommissionedAt,Data Property,assets.decommissioned_at,assets,decommissioned_at,xsd:dateTime,N,Internal,,
Asset,hasCreatedAt,Data Property,assets.created_at,assets,created_at,xsd:dateTime,N,Internal,,
Asset,hasUpdatedAt,Data Property,assets.updated_at,assets,updated_at,xsd:dateTime,N,Internal,,
Asset,external,Object Property,assets.external_id → ?,assets,external_id,→ ?,N,Internal,FK to ?; range class: ?,CQ-001
Asset,asset,Object Property,assets.asset_type_id → asset_types,assets,asset_type_id,→ AssetType,Y,Internal,FK to asset_types; range class: AssetType,
Asset,owner,Object Property,assets.owner_org_id → organizations,assets,owner_org_id,→ Organization,N,Internal,FK to organizations; range class: Organization,
Asset,operator,Object Property,assets.operator_org_id → organizations,assets,operator_org_id,→ Organization,N,Internal,FK to organizations; range class: Organization,
DomainEvent,(class),OWL Class,domain_events,domain_events,(table),,Y,Internal,A significant occurrence in the domain that changes state or produces evidence.,"CQ-003, CQ-004, CQ-005, CQ-007"
DomainEvent,hasEventIri,Data Property,domain_events.event_iri,domain_events,event_iri,xsd:anyURI,N,Internal,,
DomainEvent,hasEventType,Data Property,domain_events.event_type,domain_events,event_type,xsd:string,Y,Internal,Subclass discriminator for OWL event class hierarchy.,CQ-003
DomainEvent,hasTitle,Data Property,domain_events.title,domain_events,title,xsd:string,Y,Internal,,
DomainEvent,hasDescription,Data Property,domain_events.description,domain_events,description,xsd:string,N,Internal,,
DomainEvent,hasStatus,Data Property,domain_events.status,domain_events,status,xsd:string,N,Internal,,
DomainEvent,hasOutcome,Data Property,domain_events.outcome,domain_events,outcome,xsd:string,N,Internal,,
DomainEvent,hasStartedAt,Data Property,domain_events.started_at,domain_events,started_at,xsd:dateTime,N,Internal,,
DomainEvent,hasCompletedAt,Data Property,domain_events.completed_at,domain_events,completed_at,xsd:dateTime,N,Internal,,
DomainEvent,hasCreatedAt,Data Property,domain_events.created_at,domain_events,created_at,xsd:dateTime,N,Internal,,
DomainEvent,hasUpdatedAt,Data Property,domain_events.updated_at,domain_events,updated_at,xsd:dateTime,N,Internal,,
DomainEvent,asset,Object Property,domain_events.asset_id → assets,domain_events,asset_id,→ Asset,N,Internal,FK to assets; range class: Asset,
DomainEvent,initiatedBy,Object Property,domain_events.initiated_by → agents,domain_events,initiated_by,→ Agent,N,Internal,FK to agents; range class: Agent,
DomainEvent,policy,Object Property,domain_events.policy_id → policies,domain_events,policy_id,→ Policy,N,Internal,FK to policies; range class: Policy,
EventParticipants,(class),OWL Class,event_participants,event_participants,(table),,Y,Internal,,
EventParticipants,hasParticipationRole,Data Property,event_participants.participation_role,event_participants,participation_role,xsd:string,Y,Internal,,
EventParticipants,hasJoinedAt,Data Property,event_participants.joined_at,event_participants,joined_at,xsd:dateTime,N,Internal,,
EventParticipants,event,Object Property,event_participants.event_id → domain_events,event_participants,event_id,→ DomainEvent,Y,Internal,FK to domain_events; range class: DomainEvent,
EventParticipants,agent,Object Property,event_participants.agent_id → agents,event_participants,agent_id,→ Agent,Y,Internal,FK to agents; range class: Agent,
ObservationRecord,(class),OWL Class,observations,observations,(table),,Y,Confidential,"A measured, computed, or imported fact about an asset or event, with provenance.","CQ-004, CQ-005, CQ-008"
ObservationRecord,hasObservationIri,Data Property,observations.observation_iri,observations,observation_iri,xsd:anyURI,N,Internal,,
ObservationRecord,hasObservationType,Data Property,observations.observation_type,observations,observation_type,xsd:string,Y,Internal,,
ObservationRecord,hasNumericValue,Data Property,observations.numeric_value,observations,numeric_value,xsd:decimal,N,Internal,,
ObservationRecord,hasTextValue,Data Property,observations.text_value,observations,text_value,xsd:string,N,Internal,,
ObservationRecord,hasUnitOfMeasure,Data Property,observations.unit_of_measure,observations,unit_of_measure,xsd:string,N,Internal,,
ObservationRecord,hasConfidenceScore,Data Property,observations.confidence_score,observations,confidence_score,xsd:decimal,N,Confidential,Numeric confidence in the observation value between 0.0 and 1.0.,CQ-005
ObservationRecord,hasDerivationMethod,Data Property,observations.derivation_method,observations,derivation_method,xsd:string,N,Internal,"How the value was obtained: MEASURED, INFERRED, IMPORTED, or SYNTHESIZED.",CQ-005
ObservationRecord,hasSourceRef,Data Property,observations.source_ref,observations,source_ref,xsd:anyURI,N,Internal,IRI or document reference for the external source of this observation.,CQ-005
ObservationRecord,hasObservedAt,Data Property,observations.observed_at,observations,observed_at,xsd:dateTime,Y,Internal,,
ObservationRecord,hasCreatedAt,Data Property,observations.created_at,observations,created_at,xsd:dateTime,N,Internal,,
ObservationRecord,asset,Object Property,observations.asset_id → assets,observations,asset_id,→ Asset,N,Internal,FK to assets; range class: Asset,
ObservationRecord,event,Object Property,observations.event_id → domain_events,observations,event_id,→ DomainEvent,N,Internal,FK to domain_events; range class: DomainEvent,
ObservationRecord,recordedBy,Object Property,observations.recorded_by → agents,observations,recorded_by,→ Agent,Y,Internal,FK to agents; range class: Agent,
Organization,(class),OWL Class,organizations,organizations,(table),,Y,Internal,"A legal or operational entity that owns, operates, or governs assets.","CQ-001, CQ-006"
Organization,hasName,Data Property,organizations.name,organizations,name,xsd:string,Y,Internal,,
Organization,hasOrgType,Data Property,organizations.org_type,organizations,org_type,xsd:string,Y,Internal,,
Organization,hasJurisdiction,Data Property,organizations.jurisdiction,organizations,jurisdiction,xsd:string,N,Internal,,
Organization,hasActive,Data Property,organizations.active,organizations,active,xsd:boolean,N,Internal,,
Organization,hasCreatedAt,Data Property,organizations.created_at,organizations,created_at,xsd:dateTime,N,Internal,,
Organization,hasUpdatedAt,Data Property,organizations.updated_at,organizations,updated_at,xsd:dateTime,N,Internal,,
Organization,parent,Object Property,organizations.parent_org_id → organizations,organizations,parent_org_id,→ Organization,N,Internal,FK to organizations; range class: Organization,
Policy,(class),OWL Class,policies,policies,(table),,Y,Internal,A rule or constraint that governs asset operations and agent behaviour.,CQ-007
Policy,hasCode,Data Property,policies.code,policies,code,xsd:string,Y,Internal,,
Policy,hasTitle,Data Property,policies.title,policies,title,xsd:string,Y,Internal,,
Policy,hasPolicyType,Data Property,policies.policy_type,policies,policy_type,xsd:string,Y,Internal,"Category of policy: OPERATIONAL, COMPLIANCE, SECURITY, SLA, SAFETY.",CQ-007
Policy,hasDescription,Data Property,policies.description,policies,description,xsd:string,N,Internal,,
Policy,hasEffectiveFrom,Data Property,policies.effective_from,policies,effective_from,xsd:string,N,Internal,,
Policy,hasEffectiveUntil,Data Property,policies.effective_until,policies,effective_until,xsd:string,N,Internal,,
Policy,hasSensitivityTier,Data Property,policies.sensitivity_tier,policies,sensitivity_tier,xsd:string,N,Internal,,
Policy,hasActive,Data Property,policies.active,policies,active,xsd:boolean,N,Internal,,
Policy,governing,Object Property,policies.governing_org_id → organizations,policies,governing_org_id,→ Organization,N,Internal,FK to organizations; range class: Organization,
PolicyApplication,(class),OWL Class,policy_applications,policy_applications,(table),,Y,Internal,Records the application of a policy to an event or asset with outcome.,CQ-007
PolicyApplication,hasOutcome,Data Property,policy_applications.outcome,policy_applications,outcome,xsd:string,N,Internal,,
PolicyApplication,hasNotes,Data Property,policy_applications.notes,policy_applications,notes,xsd:string,N,Internal,,
PolicyApplication,hasAppliedAt,Data Property,policy_applications.applied_at,policy_applications,applied_at,xsd:dateTime,N,Internal,,
PolicyApplication,policy,Object Property,policy_applications.policy_id → policies,policy_applications,policy_id,→ Policy,Y,Internal,FK to policies; range class: Policy,
PolicyApplication,event,Object Property,policy_applications.event_id → domain_events,policy_applications,event_id,→ DomainEvent,N,Internal,FK to domain_events; range class: DomainEvent,
PolicyApplication,asset,Object Property,policy_applications.asset_id → assets,policy_applications,asset_id,→ Asset,N,Internal,FK to assets; range class: Asset,
PolicyApplication,appliedBy,Object Property,policy_applications.applied_by → agents,policy_applications,applied_by,→ Agent,Y,Internal,FK to agents; range class: Agent,
Role,(class),OWL Class,roles,roles,(table),,Y,Internal,A contextual function an agent performs in a specific scope.,CQ-006
Role,hasCode,Data Property,roles.code,roles,code,xsd:string,Y,Internal,,
Role,hasLabel,Data Property,roles.label,roles,label,xsd:string,Y,Internal,,
Role,hasDescription,Data Property,roles.description,roles,description,xsd:string,N,Internal,,
Role,hasSensitivityTier,Data Property,roles.sensitivity_tier,roles,sensitivity_tier,xsd:string,N,Internal,,
Agreement,(class),OWL Class,tmf_agreement,tmf_agreement,(table),,Y,Confidential,"A commercial, SLA, or roaming agreement between parties (TMF651).","CQ-005, CQ-TMF05"
Agreement,hasAgreementIri,Data Property,tmf_agreement.agreement_iri,tmf_agreement,agreement_iri,xsd:anyURI,N,Internal,,
Agreement,hasName,Data Property,tmf_agreement.name,tmf_agreement,name,xsd:string,Y,Internal,,
Agreement,hasAgreementType,Data Property,tmf_agreement.agreement_type,tmf_agreement,agreement_type,xsd:string,N,Internal,,
Agreement,hasDescription,Data Property,tmf_agreement.description,tmf_agreement,description,xsd:string,N,Internal,,
Agreement,hasStatus,Data Property,tmf_agreement.status,tmf_agreement,status,xsd:string,N,Internal,,
Agreement,hasValidFrom,Data Property,tmf_agreement.valid_from,tmf_agreement,valid_from,xsd:string,N,Internal,,
Agreement,hasValidUntil,Data Property,tmf_agreement.valid_until,tmf_agreement,valid_until,xsd:string,N,Internal,,
Agreement,hasCreatedAt,Data Property,tmf_agreement.created_at,tmf_agreement,created_at,xsd:dateTime,N,Internal,,
Agreement,partyA,Object Property,tmf_agreement.party_a_id → tmf_party,tmf_agreement,party_a_id,→ Party,N,Internal,FK to tmf_party; range class: Party,
Agreement,partyB,Object Property,tmf_agreement.party_b_id → tmf_party,tmf_agreement,party_b_id,→ Party,N,Internal,FK to tmf_party; range class: Party,
Alarm,(class),OWL Class,tmf_alarm,tmf_alarm,(table),,Y,Internal,A network fault notification raised by a network function or element (TMF642).,"CQ-007, CQ-TMF06"
Alarm,hasAlarmIri,Data Property,tmf_alarm.alarm_iri,tmf_alarm,alarm_iri,xsd:anyURI,N,Internal,,
Alarm,hasAlarmType,Data Property,tmf_alarm.alarm_type,tmf_alarm,alarm_type,xsd:string,Y,Internal,,
Alarm,hasPerceivedSeverity,Data Property,tmf_alarm.perceived_severity,tmf_alarm,perceived_severity,xsd:string,Y,Internal,"ITU-T X.733 / TMF642 alarm severity: Critical, Major, Minor, Warning, Indeterminate, Cleared.","CQ-007, CQ-TMF06"
Alarm,hasProbableCause,Data Property,tmf_alarm.probable_cause,tmf_alarm,probable_cause,xsd:string,N,Internal,"ITU-T probable cause code for the alarm (e.g. softwareError, equipmentFailure).",CQ-TMF06
Alarm,hasSpecificProblem,Data Property,tmf_alarm.specific_problem,tmf_alarm,specific_problem,xsd:string,N,Internal,,
Alarm,hasAlarmState,Data Property,tmf_alarm.alarm_state,tmf_alarm,alarm_state,xsd:string,N,Internal,,
Alarm,hasRaisedAt,Data Property,tmf_alarm.raised_at,tmf_alarm,raised_at,xsd:dateTime,Y,Internal,,
Alarm,hasAcknowledgedAt,Data Property,tmf_alarm.acknowledged_at,tmf_alarm,acknowledged_at,xsd:dateTime,N,Internal,,
Alarm,hasClearedAt,Data Property,tmf_alarm.cleared_at,tmf_alarm,cleared_at,xsd:dateTime,N,Internal,,
Alarm,hasCreatedAt,Data Property,tmf_alarm.created_at,tmf_alarm,created_at,xsd:dateTime,N,Internal,,
Alarm,sourceResource,Object Property,tmf_alarm.source_resource_id → tmf_resource,tmf_alarm,source_resource_id,→ Resource,N,Internal,FK to tmf_resource; range class: Resource,
Alarm,rootCauseAlarm,Object Property,tmf_alarm.root_cause_alarm_id → tmf_alarm,tmf_alarm,root_cause_alarm_id,→ Alarm,N,Internal,FK to tmf_alarm; range class: Alarm,
Alarm,raisedBy,Object Property,tmf_alarm.raised_by_id → tmf_party,tmf_alarm,raised_by_id,→ Party,N,Internal,FK to tmf_party; range class: Party,
Alarm,acknowledgedBy,Object Property,tmf_alarm.acknowledged_by_id → tmf_party,tmf_alarm,acknowledged_by_id,→ Party,N,Internal,FK to tmf_party; range class: Party,
Attachment,(class),OWL Class,tmf_attachment,tmf_attachment,(table),,Y,Internal,A file or URL attachment linked to any TMF entity per SID Common ABE.,
Attachment,hasName,Data Property,tmf_attachment.name,tmf_attachment,name,xsd:string,N,Internal,,
Attachment,hasDescription,Data Property,tmf_attachment.description,tmf_attachment,description,xsd:string,N,Internal,,
Attachment,hasMimeType,Data Property,tmf_attachment.mime_type,tmf_attachment,mime_type,xsd:string,N,Internal,,
Attachment,hasUrl,Data Property,tmf_attachment.url,tmf_attachment,url,xsd:string,N,Internal,,
Attachment,hasAttachmentType,Data Property,tmf_attachment.attachment_type,tmf_attachment,attachment_type,xsd:string,N,Internal,,
Attachment,hasOwnerType,Data Property,tmf_attachment.owner_type,tmf_attachment,owner_type,xsd:string,Y,Internal,,
Attachment,hasCreatedAt,Data Property,tmf_attachment.created_at,tmf_attachment,created_at,xsd:dateTime,N,Internal,,
Attachment,owner,Object Property,tmf_attachment.owner_id → ?,tmf_attachment,owner_id,→ ?,Y,Internal,FK to ?; range class: ?,
Characteristic,(class),OWL Class,tmf_characteristic,tmf_characteristic,(table),,Y,Internal,A key-value attribute pair that extends any entity per SID Characteristic ABE.,CQ-002
Characteristic,hasName,Data Property,tmf_characteristic.name,tmf_characteristic,name,xsd:string,Y,Internal,,
Characteristic,hasValue,Data Property,tmf_characteristic.value,tmf_characteristic,value,xsd:string,N,Internal,,
Characteristic,hasValueType,Data Property,tmf_characteristic.value_type,tmf_characteristic,value_type,xsd:string,N,Internal,,
Characteristic,hasUnit,Data Property,tmf_characteristic.unit,tmf_characteristic,unit,xsd:string,N,Internal,,
Characteristic,hasOwnerType,Data Property,tmf_characteristic.owner_type,tmf_characteristic,owner_type,xsd:string,Y,Internal,,
Characteristic,hasCreatedAt,Data Property,tmf_characteristic.created_at,tmf_characteristic,created_at,xsd:dateTime,N,Internal,,
Characteristic,owner,Object Property,tmf_characteristic.owner_id → ?,tmf_characteristic,owner_id,→ ?,Y,Internal,FK to ?; range class: ?,
CustomerAccount,(class),OWL Class,tmf_customer_account,tmf_customer_account,(table),,Y,Confidential,A billing and service management account per TMF666.,"CQ-005, CQ-TMF03"
CustomerAccount,hasAccountIri,Data Property,tmf_customer_account.account_iri,tmf_customer_account,account_iri,xsd:anyURI,N,Internal,,
CustomerAccount,hasAccountNumber,Data Property,tmf_customer_account.account_number,tmf_customer_account,account_number,xsd:string,N,Internal,,
CustomerAccount,hasName,Data Property,tmf_customer_account.name,tmf_customer_account,name,xsd:string,Y,Internal,,
CustomerAccount,hasAccountType,Data Property,tmf_customer_account.account_type,tmf_customer_account,account_type,xsd:string,N,Internal,,
CustomerAccount,hasStatus,Data Property,tmf_customer_account.status,tmf_customer_account,status,xsd:string,N,Internal,,
CustomerAccount,hasCreditLimit,Data Property,tmf_customer_account.credit_limit,tmf_customer_account,credit_limit,xsd:decimal,N,Internal,,
CustomerAccount,hasCurrencyCode,Data Property,tmf_customer_account.currency_code,tmf_customer_account,currency_code,xsd:string,N,Internal,,
CustomerAccount,hasCreatedAt,Data Property,tmf_customer_account.created_at,tmf_customer_account,created_at,xsd:dateTime,N,Internal,,
CustomerAccount,party,Object Property,tmf_customer_account.party_id → tmf_party,tmf_customer_account,party_id,→ Party,Y,Internal,FK to tmf_party; range class: Party,
Note,(class),OWL Class,tmf_note,tmf_note,(table),,Y,Internal,A free-text annotation linked to any TMF entity per SID Common ABE.,
Note,hasText,Data Property,tmf_note.text,tmf_note,text,xsd:string,Y,Internal,,
Note,hasAuthor,Data Property,tmf_note.author,tmf_note,author,xsd:string,N,Internal,,
Note,hasDate,Data Property,tmf_note.date,tmf_note,date,xsd:string,N,Internal,,
Note,hasNoteType,Data Property,tmf_note.note_type,tmf_note,note_type,xsd:string,N,Internal,,
Note,hasOwnerType,Data Property,tmf_note.owner_type,tmf_note,owner_type,xsd:string,Y,Internal,,
Note,owner,Object Property,tmf_note.owner_id → ?,tmf_note,owner_id,→ ?,Y,Internal,FK to ?; range class: ?,
Party,(class),OWL Class,tmf_party,tmf_party,(table),,Y,Confidential,An individual or organisation that plays a role in the business (TMF632).,"CQ-005, CQ-TMF04"
Party,hasPartyIri,Data Property,tmf_party.party_iri,tmf_party,party_iri,xsd:anyURI,N,Confidential,Persistent IRI for use in PROV-O provenance graphs and TMF632 external IDs.,CQ-005
Party,hasPartyType,Data Property,tmf_party.party_type,tmf_party,party_type,xsd:string,Y,Internal,,
Party,hasName,Data Property,tmf_party.name,tmf_party,name,xsd:string,Y,Internal,,
Party,hasGivenName,Data Property,tmf_party.given_name,tmf_party,given_name,xsd:string,N,Internal,,
Party,hasFamilyName,Data Property,tmf_party.family_name,tmf_party,family_name,xsd:string,N,Internal,,
Party,hasNationality,Data Property,tmf_party.nationality,tmf_party,nationality,xsd:string,N,Internal,,
Party,hasTradingName,Data Property,tmf_party.trading_name,tmf_party,trading_name,xsd:string,N,Internal,,
Party,hasOrgType,Data Property,tmf_party.org_type,tmf_party,org_type,xsd:string,N,Internal,,
Party,hasEmail,Data Property,tmf_party.email,tmf_party,email,xsd:string,N,Internal,,
Party,hasPhone,Data Property,tmf_party.phone,tmf_party,phone,xsd:string,N,Internal,,
Party,hasLifecycleStatus,Data Property,tmf_party.lifecycle_status,tmf_party,lifecycle_status,xsd:string,N,Internal,,
Party,hasCreatedAt,Data Property,tmf_party.created_at,tmf_party,created_at,xsd:dateTime,N,Internal,,
Party,hasUpdatedAt,Data Property,tmf_party.updated_at,tmf_party,updated_at,xsd:dateTime,N,Internal,,
Party,place,Object Property,tmf_party.place_id → tmf_place,tmf_party,place_id,→ GeographicLocation,N,Internal,FK to tmf_place; range class: GeographicLocation,
PartyRole,(class),OWL Class,tmf_party_role,tmf_party_role,(table),,Y,Internal,"A contextual role a party plays, such as Customer or Partner (TMF669).",CQ-005
PartyRole,hasRoleName,Data Property,tmf_party_role.role_name,tmf_party_role,role_name,xsd:string,Y,Internal,,
PartyRole,hasRoleType,Data Property,tmf_party_role.role_type,tmf_party_role,role_type,xsd:string,N,Internal,,
PartyRole,hasStatus,Data Property,tmf_party_role.status,tmf_party_role,status,xsd:string,N,Internal,,
PartyRole,hasValidFrom,Data Property,tmf_party_role.valid_from,tmf_party_role,valid_from,xsd:string,N,Internal,,
PartyRole,hasValidUntil,Data Property,tmf_party_role.valid_until,tmf_party_role,valid_until,xsd:string,N,Internal,,
PartyRole,hasCreatedAt,Data Property,tmf_party_role.created_at,tmf_party_role,created_at,xsd:dateTime,N,Internal,,
PartyRole,party,Object Property,tmf_party_role.party_id → tmf_party,tmf_party_role,party_id,→ Party,Y,Internal,FK to tmf_party; range class: Party,
PerformanceIndicator,(class),OWL Class,tmf_performance_indicator,tmf_performance_indicator,(table),,Y,Confidential,A KPI measurement or ML-derived metric with PROV-O provenance.,"CQ-008, CQ-TMF07"
PerformanceIndicator,hasKpiIri,Data Property,tmf_performance_indicator.kpi_iri,tmf_performance_indicator,kpi_iri,xsd:anyURI,N,Internal,,
PerformanceIndicator,hasName,Data Property,tmf_performance_indicator.name,tmf_performance_indicator,name,xsd:string,Y,Internal,,
PerformanceIndicator,hasDescription,Data Property,tmf_performance_indicator.description,tmf_performance_indicator,description,xsd:string,N,Internal,,
PerformanceIndicator,hasUnitOfMeasure,Data Property,tmf_performance_indicator.unit_of_measure,tmf_performance_indicator,unit_of_measure,xsd:string,N,Internal,,
PerformanceIndicator,hasKpiType,Data Property,tmf_performance_indicator.kpi_type,tmf_performance_indicator,kpi_type,xsd:string,N,Internal,,
PerformanceIndicator,hasNumericValue,Data Property,tmf_performance_indicator.numeric_value,tmf_performance_indicator,numeric_value,xsd:decimal,N,Internal,,
PerformanceIndicator,hasStringValue,Data Property,tmf_performance_indicator.string_value,tmf_performance_indicator,string_value,xsd:string,N,Internal,,
PerformanceIndicator,hasConfidenceScore,Data Property,tmf_performance_indicator.confidence_score,tmf_performance_indicator,confidence_score,xsd:decimal,N,Confidential,Numeric confidence in the measurement or derived value. Range 0.0–1.0.,CQ-008
PerformanceIndicator,hasDerivationMethod,Data Property,tmf_performance_indicator.derivation_method,tmf_performance_indicator,derivation_method,xsd:string,N,Internal,"How the value was obtained per PROV-O: MEASURED, INFERRED, IMPORTED, SYNTHESIZED.",CQ-008
PerformanceIndicator,hasSourceRef,Data Property,tmf_performance_indicator.source_ref,tmf_performance_indicator,source_ref,xsd:string,N,Internal,,
PerformanceIndicator,hasThresholdLow,Data Property,tmf_performance_indicator.threshold_low,tmf_performance_indicator,threshold_low,xsd:decimal,N,Internal,,
PerformanceIndicator,hasThresholdHigh,Data Property,tmf_performance_indicator.threshold_high,tmf_performance_indicator,threshold_high,xsd:decimal,N,Internal,,
PerformanceIndicator,hasBreachIndicator,Data Property,tmf_performance_indicator.breach_indicator,tmf_performance_indicator,breach_indicator,xsd:integer,N,Internal,,
PerformanceIndicator,hasObservedAt,Data Property,tmf_performance_indicator.observed_at,tmf_performance_indicator,observed_at,xsd:dateTime,Y,Internal,,
PerformanceIndicator,hasCreatedAt,Data Property,tmf_performance_indicator.created_at,tmf_performance_indicator,created_at,xsd:dateTime,N,Internal,,
PerformanceIndicator,resource,Object Property,tmf_performance_indicator.resource_id → tmf_resource,tmf_performance_indicator,resource_id,→ Resource,N,Internal,FK to tmf_resource; range class: Resource,
PerformanceIndicator,service,Object Property,tmf_performance_indicator.service_id → tmf_service,tmf_performance_indicator,service_id,→ Service,N,Internal,FK to tmf_service; range class: Service,
PerformanceIndicator,recordedByParty,Object Property,tmf_performance_indicator.recorded_by_party_id → tmf_party,tmf_performance_indicator,recorded_by_party_id,→ Party,N,Internal,FK to tmf_party; range class: Party,
GeographicLocation,(class),OWL Class,tmf_place,tmf_place,(table),,Y,Internal,"A geographic location, address, or site per TMF673/674/675.","CQ-001, CQ-002"
GeographicLocation,hasPlaceIri,Data Property,tmf_place.place_iri,tmf_place,place_iri,xsd:anyURI,N,Internal,,
GeographicLocation,hasName,Data Property,tmf_place.name,tmf_place,name,xsd:string,Y,Internal,,
GeographicLocation,hasPlaceType,Data Property,tmf_place.place_type,tmf_place,place_type,xsd:string,N,Internal,,
GeographicLocation,hasStreetNr,Data Property,tmf_place.street_nr,tmf_place,street_nr,xsd:string,N,Internal,,
GeographicLocation,hasStreetName,Data Property,tmf_place.street_name,tmf_place,street_name,xsd:string,N,Internal,,
GeographicLocation,hasCity,Data Property,tmf_place.city,tmf_place,city,xsd:string,N,Internal,,
GeographicLocation,hasStateOrProvince,Data Property,tmf_place.state_or_province,tmf_place,state_or_province,xsd:string,N,Internal,,
GeographicLocation,hasPostcode,Data Property,tmf_place.postcode,tmf_place,postcode,xsd:string,N,Internal,,
GeographicLocation,hasCountry,Data Property,tmf_place.country,tmf_place,country,xsd:string,N,Internal,,
GeographicLocation,hasLatitude,Data Property,tmf_place.latitude,tmf_place,latitude,xsd:decimal,N,Internal,,
GeographicLocation,hasLongitude,Data Property,tmf_place.longitude,tmf_place,longitude,xsd:decimal,N,Internal,,
GeographicLocation,hasLifecycleStatus,Data Property,tmf_place.lifecycle_status,tmf_place,lifecycle_status,xsd:string,N,Internal,,
GeographicLocation,hasCreatedAt,Data Property,tmf_place.created_at,tmf_place,created_at,xsd:dateTime,N,Internal,,
GeographicLocation,parentPlace,Object Property,tmf_place.parent_place_id → tmf_place,tmf_place,parent_place_id,→ GeographicLocation,N,Internal,FK to tmf_place; range class: GeographicLocation,
Policy,(class),OWL Class,tmf_policy,tmf_policy,(table),,Y,Internal,"A rule or constraint governing operations, network, or compliance.",CQ-006
Policy,hasPolicyIri,Data Property,tmf_policy.policy_iri,tmf_policy,policy_iri,xsd:anyURI,N,Internal,,
Policy,hasName,Data Property,tmf_policy.name,tmf_policy,name,xsd:string,Y,Internal,,
Policy,hasPolicyType,Data Property,tmf_policy.policy_type,tmf_policy,policy_type,xsd:string,N,Internal,,
Policy,hasDescription,Data Property,tmf_policy.description,tmf_policy,description,xsd:string,N,Internal,,
Policy,hasStatus,Data Property,tmf_policy.status,tmf_policy,status,xsd:string,N,Internal,,
Policy,hasVersion,Data Property,tmf_policy.version,tmf_policy,version,xsd:string,N,Internal,,
Policy,hasGoverningBody,Data Property,tmf_policy.governing_body,tmf_policy,governing_body,xsd:string,N,Internal,,
Policy,hasEffectiveFrom,Data Property,tmf_policy.effective_from,tmf_policy,effective_from,xsd:string,N,Internal,,
Policy,hasEffectiveUntil,Data Property,tmf_policy.effective_until,tmf_policy,effective_until,xsd:string,N,Internal,,
Policy,hasCreatedAt,Data Property,tmf_policy.created_at,tmf_policy,created_at,xsd:dateTime,N,Internal,,
Product,(class),OWL Class,tmf_product,tmf_product,(table),,Y,Confidential,A product instance subscribed to by a party per TMF637.,"CQ-004, CQ-TMF03"
Product,hasProductIri,Data Property,tmf_product.product_iri,tmf_product,product_iri,xsd:anyURI,N,Internal,,
Product,hasName,Data Property,tmf_product.name,tmf_product,name,xsd:string,Y,Internal,,
Product,hasStatus,Data Property,tmf_product.status,tmf_product,status,xsd:string,N,Internal,,
Product,hasStartDate,Data Property,tmf_product.start_date,tmf_product,start_date,xsd:date,N,Internal,,
Product,hasEndDate,Data Property,tmf_product.end_date,tmf_product,end_date,xsd:date,N,Internal,,
Product,hasCreatedAt,Data Property,tmf_product.created_at,tmf_product,created_at,xsd:dateTime,N,Internal,,
Product,hasUpdatedAt,Data Property,tmf_product.updated_at,tmf_product,updated_at,xsd:dateTime,N,Internal,,
Product,productOffering,Object Property,tmf_product.product_offering_id → tmf_product_offering,tmf_product,product_offering_id,→ ProductOffering,N,Internal,FK to tmf_product_offering; range class: ProductOffering,
Product,parentProduct,Object Property,tmf_product.parent_product_id → tmf_product,tmf_product,parent_product_id,→ Product,N,Internal,FK to tmf_product; range class: Product,
Product,realisingService,Object Property,tmf_product.realising_service_id → tmf_service,tmf_product,realising_service_id,→ Service,N,Internal,FK to tmf_service; range class: Service,
ProductOffering,(class),OWL Class,tmf_product_offering,tmf_product_offering,(table),,Y,Public,A commercial offering available to customers per TMF620.,CQ-004
ProductOffering,hasOfferingIri,Data Property,tmf_product_offering.offering_iri,tmf_product_offering,offering_iri,xsd:anyURI,N,Internal,,
ProductOffering,hasName,Data Property,tmf_product_offering.name,tmf_product_offering,name,xsd:string,Y,Internal,,
ProductOffering,hasDescription,Data Property,tmf_product_offering.description,tmf_product_offering,description,xsd:string,N,Internal,,
ProductOffering,hasVersion,Data Property,tmf_product_offering.version,tmf_product_offering,version,xsd:string,N,Internal,,
ProductOffering,hasIsBundle,Data Property,tmf_product_offering.is_bundle,tmf_product_offering,is_bundle,xsd:boolean,N,Internal,,
ProductOffering,hasLifecycleStatus,Data Property,tmf_product_offering.lifecycle_status,tmf_product_offering,lifecycle_status,xsd:string,N,Internal,,
ProductOffering,hasValidForStart,Data Property,tmf_product_offering.valid_for_start,tmf_product_offering,valid_for_start,xsd:string,N,Internal,,
ProductOffering,hasValidForEnd,Data Property,tmf_product_offering.valid_for_end,tmf_product_offering,valid_for_end,xsd:string,N,Internal,,
ProductOffering,hasCreatedAt,Data Property,tmf_product_offering.created_at,tmf_product_offering,created_at,xsd:dateTime,N,Internal,,
ProductOffering,productSpec,Object Property,tmf_product_offering.product_spec_id → tmf_product_spec,tmf_product_offering,product_spec_id,→ ProductSpecification,N,Internal,FK to tmf_product_spec; range class: ProductSpecification,
ProductOrder,(class),OWL Class,tmf_product_order,tmf_product_order,(table),,Y,Confidential,"A customer request to provision, modify, or terminate a product (TMF622).","CQ-004, CQ-TMF03"
ProductOrder,hasOrderIri,Data Property,tmf_product_order.order_iri,tmf_product_order,order_iri,xsd:anyURI,N,Internal,,
ProductOrder,hasOrderDate,Data Property,tmf_product_order.order_date,tmf_product_order,order_date,xsd:date,Y,Internal,,
ProductOrder,hasCompletionDate,Data Property,tmf_product_order.completion_date,tmf_product_order,completion_date,xsd:date,N,Internal,,
ProductOrder,hasRequestedCompletion,Data Property,tmf_product_order.requested_completion,tmf_product_order,requested_completion,xsd:string,N,Internal,,
ProductOrder,hasOrderType,Data Property,tmf_product_order.order_type,tmf_product_order,order_type,xsd:string,N,Internal,,
ProductOrder,hasState,Data Property,tmf_product_order.state,tmf_product_order,state,xsd:string,N,Internal,,
ProductOrder,hasCreatedAt,Data Property,tmf_product_order.created_at,tmf_product_order,created_at,xsd:dateTime,N,Internal,,
ProductOrder,hasUpdatedAt,Data Property,tmf_product_order.updated_at,tmf_product_order,updated_at,xsd:dateTime,N,Internal,,
ProductOrder,customerAccount,Object Property,tmf_product_order.customer_account_id → tmf_customer_account,tmf_product_order,customer_account_id,→ CustomerAccount,N,Internal,FK to tmf_customer_account; range class: CustomerAccount,
ProductOrder,productOffering,Object Property,tmf_product_order.product_offering_id → tmf_product_offering,tmf_product_order,product_offering_id,→ ProductOffering,N,Internal,FK to tmf_product_offering; range class: ProductOffering,
ProductOrder,submittedBy,Object Property,tmf_product_order.submitted_by_id → tmf_party,tmf_product_order,submitted_by_id,→ Party,N,Internal,FK to tmf_party; range class: Party,
ProductSpecification,(class),OWL Class,tmf_product_spec,tmf_product_spec,(table),,Y,Public,Specification of a product type per SID Product domain/TMF620.,CQ-004
ProductSpecification,hasSpecIri,Data Property,tmf_product_spec.spec_iri,tmf_product_spec,spec_iri,xsd:anyURI,N,Internal,,
ProductSpecification,hasName,Data Property,tmf_product_spec.name,tmf_product_spec,name,xsd:string,Y,Internal,,
ProductSpecification,hasVersion,Data Property,tmf_product_spec.version,tmf_product_spec,version,xsd:string,N,Internal,,
ProductSpecification,hasProductNumber,Data Property,tmf_product_spec.product_number,tmf_product_spec,product_number,xsd:string,N,Internal,,
ProductSpecification,hasBrand,Data Property,tmf_product_spec.brand,tmf_product_spec,brand,xsd:string,N,Internal,,
ProductSpecification,hasDescription,Data Property,tmf_product_spec.description,tmf_product_spec,description,xsd:string,N,Internal,,
ProductSpecification,hasLifecycleStatus,Data Property,tmf_product_spec.lifecycle_status,tmf_product_spec,lifecycle_status,xsd:string,N,Internal,,
ProductSpecification,hasIsBundle,Data Property,tmf_product_spec.is_bundle,tmf_product_spec,is_bundle,xsd:boolean,N,Internal,,
ProductSpecification,hasCreatedAt,Data Property,tmf_product_spec.created_at,tmf_product_spec,created_at,xsd:dateTime,N,Internal,,
Resource,(class),OWL Class,tmf_resource,tmf_resource,(table),,Y,Internal,"A logical or physical telecom resource instance (TMF639). Covers NetworkFunction, Equipment, IPAddress.","CQ-001, CQ-002, CQ-003, CQ-TMF01"
Resource,hasResourceIri,Data Property,tmf_resource.resource_iri,tmf_resource,resource_iri,xsd:anyURI,N,Internal,,
Resource,hasName,Data Property,tmf_resource.name,tmf_resource,name,xsd:string,Y,Internal,,
Resource,hasResourceType,Data Property,tmf_resource.resource_type,tmf_resource,resource_type,xsd:string,Y,Internal,,
Resource,hasNfType,Data Property,tmf_resource.nf_type,tmf_resource,nf_type,xsd:string,N,Internal,"eTOM/5G network function discriminator: AMF, SMF, UPF, gNB, PCF, UDM, AUSF, NRF.",CQ-TMF01
Resource,hasOperationalState,Data Property,tmf_resource.operational_state,tmf_resource,operational_state,xsd:string,N,Internal,SID OperationalState: Enabled or Disabled (eTOM resource state machine).,CQ-TMF01
Resource,hasAdminState,Data Property,tmf_resource.admin_state,tmf_resource,admin_state,xsd:string,N,Internal,"SID AdministrativeState: Locked, Unlocked, Shutting Down.",CQ-TMF01
Resource,hasUsageState,Data Property,tmf_resource.usage_state,tmf_resource,usage_state,xsd:string,N,Internal,,
Resource,hasExternalSystem,Data Property,tmf_resource.external_system,tmf_resource,external_system,xsd:string,N,Internal,,
Resource,hasStartOperatingDate,Data Property,tmf_resource.start_operating_date,tmf_resource,start_operating_date,xsd:date,N,Internal,,
Resource,hasEndOperatingDate,Data Property,tmf_resource.end_operating_date,tmf_resource,end_operating_date,xsd:date,N,Internal,,
Resource,hasCreatedAt,Data Property,tmf_resource.created_at,tmf_resource,created_at,xsd:dateTime,N,Internal,,
Resource,hasUpdatedAt,Data Property,tmf_resource.updated_at,tmf_resource,updated_at,xsd:dateTime,N,Internal,,
Resource,resourceSpec,Object Property,tmf_resource.resource_spec_id → tmf_resource_spec,tmf_resource,resource_spec_id,→ ResourceSpecification,N,Internal,FK to tmf_resource_spec; range class: ResourceSpecification,
Resource,parentResource,Object Property,tmf_resource.parent_resource_id → tmf_resource,tmf_resource,parent_resource_id,→ Resource,N,Internal,FK to tmf_resource; range class: Resource,
Resource,place,Object Property,tmf_resource.place_id → tmf_place,tmf_resource,place_id,→ GeographicLocation,N,Internal,FK to tmf_place; range class: GeographicLocation,
Resource,external,Object Property,tmf_resource.external_id → ?,tmf_resource,external_id,→ ?,N,Internal,FK to ?; range class: ?,
ResourceRelationship,(class),OWL Class,tmf_resource_relationship,tmf_resource_relationship,(table),,Y,Internal,"Typed association between two resources (composedOf, connectsTo, dependsOn).",CQ-TMF01
ResourceRelationship,hasRelationshipType,Data Property,tmf_resource_relationship.relationship_type,tmf_resource_relationship,relationship_type,xsd:string,Y,Internal,,
ResourceRelationship,hasCreatedAt,Data Property,tmf_resource_relationship.created_at,tmf_resource_relationship,created_at,xsd:dateTime,N,Internal,,
ResourceRelationship,resource,Object Property,tmf_resource_relationship.resource_id → tmf_resource,tmf_resource_relationship,resource_id,→ Resource,Y,Internal,FK to tmf_resource; range class: Resource,
ResourceRelationship,relatedResource,Object Property,tmf_resource_relationship.related_resource_id → tmf_resource,tmf_resource_relationship,related_resource_id,→ Resource,Y,Internal,FK to tmf_resource; range class: Resource,
ResourceSpecification,(class),OWL Class,tmf_resource_spec,tmf_resource_spec,(table),,Y,Public,Catalog template for a resource type. Specification pattern per SID/TMF634.,"CQ-001, CQ-002"
ResourceSpecification,hasSpecIri,Data Property,tmf_resource_spec.spec_iri,tmf_resource_spec,spec_iri,xsd:anyURI,N,Internal,,
ResourceSpecification,hasName,Data Property,tmf_resource_spec.name,tmf_resource_spec,name,xsd:string,Y,Internal,,
ResourceSpecification,hasVersion,Data Property,tmf_resource_spec.version,tmf_resource_spec,version,xsd:string,N,Internal,,
ResourceSpecification,hasDescription,Data Property,tmf_resource_spec.description,tmf_resource_spec,description,xsd:string,N,Internal,,
ResourceSpecification,hasCategory,Data Property,tmf_resource_spec.category,tmf_resource_spec,category,xsd:string,N,Public,SID ResourceCategory discriminator: LOGICAL or PHYSICAL. Drives OWL subclass assignment.,CQ-TMF01
ResourceSpecification,hasLifecycleStatus,Data Property,tmf_resource_spec.lifecycle_status,tmf_resource_spec,lifecycle_status,xsd:string,N,Internal,,
ResourceSpecification,hasIsBundle,Data Property,tmf_resource_spec.is_bundle,tmf_resource_spec,is_bundle,xsd:boolean,N,Internal,,
ResourceSpecification,hasCreatedAt,Data Property,tmf_resource_spec.created_at,tmf_resource_spec,created_at,xsd:dateTime,N,Internal,,
ResourceSpecification,hasUpdatedAt,Data Property,tmf_resource_spec.updated_at,tmf_resource_spec,updated_at,xsd:dateTime,N,Internal,,
Service,(class),OWL Class,tmf_service,tmf_service,(table),,Y,Internal,An active service instance in the service inventory (TMF638). Covers CFS and RFS.,"CQ-003, CQ-TMF02"
Service,hasServiceIri,Data Property,tmf_service.service_iri,tmf_service,service_iri,xsd:anyURI,N,Internal,,
Service,hasName,Data Property,tmf_service.name,tmf_service,name,xsd:string,Y,Internal,,
Service,hasServiceType,Data Property,tmf_service.service_type,tmf_service,service_type,xsd:string,Y,Internal,,
Service,hasState,Data Property,tmf_service.state,tmf_service,state,xsd:string,N,Internal,,
Service,hasStartDate,Data Property,tmf_service.start_date,tmf_service,start_date,xsd:date,N,Internal,,
Service,hasEndDate,Data Property,tmf_service.end_date,tmf_service,end_date,xsd:date,N,Internal,,
Service,hasCreatedAt,Data Property,tmf_service.created_at,tmf_service,created_at,xsd:dateTime,N,Internal,,
Service,hasUpdatedAt,Data Property,tmf_service.updated_at,tmf_service,updated_at,xsd:dateTime,N,Internal,,
Service,serviceSpec,Object Property,tmf_service.service_spec_id → tmf_service_spec,tmf_service,service_spec_id,→ ServiceSpecification,N,Internal,FK to tmf_service_spec; range class: ServiceSpecification,
Service,parentService,Object Property,tmf_service.parent_service_id → tmf_service,tmf_service,parent_service_id,→ Service,N,Internal,FK to tmf_service; range class: Service,
Service,realisingResource,Object Property,tmf_service.realising_resource_id → tmf_resource,tmf_service,realising_resource_id,→ Resource,N,Internal,FK to tmf_resource; range class: Resource,
ServiceOrder,(class),OWL Class,tmf_service_order,tmf_service_order,(table),,Y,Internal,An internal fulfilment order to provision or modify a service (TMF641).,"CQ-003, CQ-TMF02"
ServiceOrder,hasOrderIri,Data Property,tmf_service_order.order_iri,tmf_service_order,order_iri,xsd:anyURI,N,Internal,,
ServiceOrder,hasOrderDate,Data Property,tmf_service_order.order_date,tmf_service_order,order_date,xsd:date,Y,Internal,,
ServiceOrder,hasCompletionDate,Data Property,tmf_service_order.completion_date,tmf_service_order,completion_date,xsd:date,N,Internal,,
ServiceOrder,hasOrderType,Data Property,tmf_service_order.order_type,tmf_service_order,order_type,xsd:string,N,Internal,,
ServiceOrder,hasState,Data Property,tmf_service_order.state,tmf_service_order,state,xsd:string,N,Internal,,
ServiceOrder,hasCreatedAt,Data Property,tmf_service_order.created_at,tmf_service_order,created_at,xsd:dateTime,N,Internal,,
ServiceOrder,hasUpdatedAt,Data Property,tmf_service_order.updated_at,tmf_service_order,updated_at,xsd:dateTime,N,Internal,,
ServiceOrder,productOrder,Object Property,tmf_service_order.product_order_id → tmf_product_order,tmf_service_order,product_order_id,→ ProductOrder,N,Internal,FK to tmf_product_order; range class: ProductOrder,
ServiceOrder,serviceSpec,Object Property,tmf_service_order.service_spec_id → tmf_service_spec,tmf_service_order,service_spec_id,→ ServiceSpecification,N,Internal,FK to tmf_service_spec; range class: ServiceSpecification,
ServiceOrder,submittedBy,Object Property,tmf_service_order.submitted_by_id → tmf_party,tmf_service_order,submitted_by_id,→ Party,N,Internal,FK to tmf_party; range class: Party,
ServiceProblem,(class),OWL Class,tmf_service_problem,tmf_service_problem,(table),,Y,Confidential,A service quality or availability problem raised against a customer service (TMF656).,"CQ-007, CQ-TMF06"
ServiceProblem,hasProblemIri,Data Property,tmf_service_problem.problem_iri,tmf_service_problem,problem_iri,xsd:anyURI,N,Internal,,
ServiceProblem,hasDescription,Data Property,tmf_service_problem.description,tmf_service_problem,description,xsd:string,Y,Internal,,
ServiceProblem,hasPriority,Data Property,tmf_service_problem.priority,tmf_service_problem,priority,xsd:string,N,Internal,,
ServiceProblem,hasStatus,Data Property,tmf_service_problem.status,tmf_service_problem,status,xsd:string,N,Internal,,
ServiceProblem,hasCategory,Data Property,tmf_service_problem.category,tmf_service_problem,category,xsd:string,N,Internal,"Free-text problem category (e.g. CommunicationsDisruption, ResourceDegradation).",CQ-TMF06
ServiceProblem,hasSlaViolated,Data Property,tmf_service_problem.sla_violated,tmf_service_problem,sla_violated,xsd:integer,N,Internal,,
ServiceProblem,hasResolutionNotes,Data Property,tmf_service_problem.resolution_notes,tmf_service_problem,resolution_notes,xsd:string,N,Internal,,
ServiceProblem,hasSubmittedAt,Data Property,tmf_service_problem.submitted_at,tmf_service_problem,submitted_at,xsd:dateTime,Y,Internal,,
ServiceProblem,hasResolvedAt,Data Property,tmf_service_problem.resolved_at,tmf_service_problem,resolved_at,xsd:dateTime,N,Internal,,
ServiceProblem,hasCreatedAt,Data Property,tmf_service_problem.created_at,tmf_service_problem,created_at,xsd:dateTime,N,Internal,,
ServiceProblem,service,Object Property,tmf_service_problem.service_id → tmf_service,tmf_service_problem,service_id,→ Service,N,Internal,FK to tmf_service; range class: Service,
ServiceProblem,alarm,Object Property,tmf_service_problem.alarm_id → tmf_alarm,tmf_service_problem,alarm_id,→ Alarm,N,Internal,FK to tmf_alarm; range class: Alarm,
ServiceProblem,raisedBy,Object Property,tmf_service_problem.raised_by_id → tmf_party,tmf_service_problem,raised_by_id,→ Party,N,Internal,FK to tmf_party; range class: Party,
ServiceProblem,resolvedBy,Object Property,tmf_service_problem.resolved_by_id → tmf_party,tmf_service_problem,resolved_by_id,→ Party,N,Internal,FK to tmf_party; range class: Party,
ServiceSpecification,(class),OWL Class,tmf_service_spec,tmf_service_spec,(table),,Y,Public,Catalog definition of a service type. Specification pattern per SID/TMF633.,CQ-003
ServiceSpecification,hasSpecIri,Data Property,tmf_service_spec.spec_iri,tmf_service_spec,spec_iri,xsd:anyURI,N,Internal,,
ServiceSpecification,hasName,Data Property,tmf_service_spec.name,tmf_service_spec,name,xsd:string,Y,Internal,,
ServiceSpecification,hasVersion,Data Property,tmf_service_spec.version,tmf_service_spec,version,xsd:string,N,Internal,,
ServiceSpecification,hasServiceType,Data Property,tmf_service_spec.service_type,tmf_service_spec,service_type,xsd:string,N,Internal,,
ServiceSpecification,hasDescription,Data Property,tmf_service_spec.description,tmf_service_spec,description,xsd:string,N,Internal,,
ServiceSpecification,hasLifecycleStatus,Data Property,tmf_service_spec.lifecycle_status,tmf_service_spec,lifecycle_status,xsd:string,N,Internal,,
ServiceSpecification,hasCreatedAt,Data Property,tmf_service_spec.created_at,tmf_service_spec,created_at,xsd:dateTime,N,Internal,,
UserRole,(class),OWL Class,tmf_user_role,tmf_user_role,(table),,Y,Internal,A named permission set for users per SID Enterprise ABE / TMF672.,CQ-006
UserRole,hasName,Data Property,tmf_user_role.name,tmf_user_role,name,xsd:string,Y,Internal,,
UserRole,hasDescription,Data Property,tmf_user_role.description,tmf_user_role,description,xsd:string,N,Internal,,
UserRole,hasPermissionSet,Data Property,tmf_user_role.permission_set,tmf_user_role,permission_set,xsd:string,N,Internal,,
UserRole,hasCreatedAt,Data Property,tmf_user_role.created_at,tmf_user_role,created_at,xsd:dateTime,N,Internal,,
